{
  "project_info": {
    "project_number": "365652325507",
    "firebase_url": "https://eskomsevc-d35d9-default-rtdb.europe-west1.firebasedatabase.app",
    "project_id": "eskomsevc-d35d9",
    "storage_bucket": "eskomsevc-d35d9.appspot.com"
  },
  "client": [
    {
      "client_info": {
        "mobilesdk_app_id": "1:365652325507:android:6cbeb811cda83e6a8cd7b6",
        "android_client_info": {
          "package_name": "com.varsitycollege.eskomsevc"
        }
      },
      "oauth_client": [
        {
          "client_id": "365652325507-q156n6vgp10skgilkebogs33pmr2fqf2.apps.googleusercontent.com",
          "client_type": 3
        }
      ],
      "api_key": [
        {
          "current_key": "AIzaSyA0QAbSsLjH27maZ9FVybBQu8Z_jzXIDFQ"
        }
      ],
      "services": {
        "appinvite_service": {
          "other_platform_oauth_client": [
            {
              "client_id": "365652325507-q156n6vgp10skgilkebogs33pmr2fqf2.apps.googleusercontent.com",
              "client_type": 3
            }
          ]
        }
      }
    }
  ],
  "configuration_version": "1"
}